<?xml version="1.0" encoding="UTF-8"?>
<project-private xmlns="http://www.netbeans.org/ns/project-private/1">
    <editor-bookmarks xmlns="http://www.netbeans.org/ns/editor-bookmarks/2" lastBookmarkId="0"/>
    <open-files xmlns="http://www.netbeans.org/ns/projectui-open-files/2">
        <group>
            <file>file:/E:/CST_141/Projects/Project11/src/project11/AddressBookPane.java</file>
            <file>file:/E:/CST_141/Projects/Project11/src/project11/Project11.java</file>
        </group>
    </open-files>
</project-private>
